Address,Timestamp,Url,Name,Txns,Verified,TokenTracker,Site
 0x3b5070cfc75a546cba5fe8a29f1f3032cd6e0e33,2021-03-05 03:44:28.158547,https://bscscan.com/address/0x3b5070cfc75a546cba5fe8a29f1f3032cd6e0e33#code,FEGNITRO,2,3/4/2021,FEG (NITRO),
 0x4fc4633c7ea16949ba93c8d7bc58eb4092d6e996,2021-03-05 03:44:28.158547,https://bscscan.com/address/0x4fc4633c7ea16949ba93c8d7bc58eb4092d6e996#code,CRO,4,3/4/2021,Crock Finance (CRO),
 0x4e9ce0d15f432a6fdef2e8366edf0b2dec0d0964,2021-03-05 03:44:28.158547,https://bscscan.com/address/0x4e9ce0d15f432a6fdef2e8366edf0b2dec0d0964#code,SUPR,11,3/4/2021,SUPR.FINANCE (SUPR),
 0x37cb7b64f8e398fc9b6f7ac2dbcec77a25b385be,2021-03-05 03:44:28.158547,https://bscscan.com/address/0x37cb7b64f8e398fc9b6f7ac2dbcec77a25b385be#code,BEP20Token,1,3/4/2021,Melanin Coin (MELA),
 0xC49fCe8A4211e58F1C891534ae5Db29bea4f1a3a,2021-03-05 03:44:28.158547,https://bscscan.com/address/0xC49fCe8A4211e58F1C891534ae5Db29bea4f1a3a#code,ArsenicToken,2,3/4/2021,Arsenic (As),
 0xfdfb685346b4b5551c897688a41484c9259953a1,2021-03-05 03:44:28.158547,https://bscscan.com/address/0xfdfb685346b4b5551c897688a41484c9259953a1#code,SUPR,1,3/4/2021,SUPR.FINANCE (SUPR),
 0xbceefd1102c05d4d5dfc242d26e170caf530fc59,2021-03-05 03:44:28.158547,https://bscscan.com/address/0xbceefd1102c05d4d5dfc242d26e170caf530fc59#code,PUMPS_TOKEN,4,3/4/2021,PUMPED.FINANCE (PUMPS),
 0xf2511b5e4fb0e5e2d123004b672ba14850478c14,2021-03-05 03:44:28.158547,https://bscscan.com/address/0xf2511b5e4fb0e5e2d123004b672ba14850478c14#code,LPToken,151,3/4/2021,Nerve 3pool LP (3NRV-LP),
 0x25c8a6d651f62accb9c31793633328b24c9da5ea,2021-03-05 03:44:28.158547,https://bscscan.com/address/0x25c8a6d651f62accb9c31793633328b24c9da5ea#code,BEP20Token,2,3/4/2021,unifyre.io (UNI),
 0x5542e519dd92bd95a4294fbfaf33787eddfa49f4,2021-03-05 03:44:28.158547,https://bscscan.com/address/0x5542e519dd92bd95a4294fbfaf33787eddfa49f4#code,CODA,8,3/4/2021,Coda Finance (CODA),
 0x60DE5F9386b637Fe97aF1CC05F25548E9BAAee19,2021-03-05 03:44:28.158547,https://bscscan.com/address/0x60DE5F9386b637Fe97aF1CC05F25548E9BAAee19#code,DeepLock,1,3/4/2021,DeepLock (DEEP),
 0x200532c7aecc46a940d0643b7fe826f1de765842,2021-03-05 03:44:28.158547,https://bscscan.com/address/0x200532c7aecc46a940d0643b7fe826f1de765842#code,BEP20Token,4,3/4/2021,t.me/cops_finance (COPS),
 0x39c6bc7434dbf1a4fd927e0350905a47ca0fa0d3,2021-03-05 03:44:28.158547,https://bscscan.com/address/0x39c6bc7434dbf1a4fd927e0350905a47ca0fa0d3#code,DEEP,3,3/4/2021,Deep Finance (DEEP),
 0xd9a565a4f0ba508f468602785ad557b4943265f5,2021-03-05 03:44:28.158547,https://bscscan.com/address/0xd9a565a4f0ba508f468602785ad557b4943265f5#code,PETALITE,7,3/4/2021,PETALITE.FINANCE (PET),
 0x6d0e1A696C927B8d403144F6bBe3080637488ae7,2021-03-05 03:44:28.158547,https://bscscan.com/address/0x6d0e1A696C927B8d403144F6bBe3080637488ae7#code,HonorBar,3,3/4/2021,HonorBar Token (HONOR),
 0xC36649fF473e0a558eC50b0F8ce650940B9BA701,2021-03-05 03:44:28.158547,https://bscscan.com/address/0xC36649fF473e0a558eC50b0F8ce650940B9BA701#code,KnightToken,25,3/4/2021,KnightSwap Token (KNIGHT),
 0x702f22C4397c000Aa828F52a0e70B087A6Fe5DD1,2021-03-05 03:44:28.158547,https://bscscan.com/address/0x702f22C4397c000Aa828F52a0e70B087A6Fe5DD1#code,BULLToken,2,3/4/2021,Bull Finance (BULL),
 0x636015E62b9dE78D164a48454BaD727Ea3640a60,2021-03-05 03:44:28.158547,https://bscscan.com/address/0x636015E62b9dE78D164a48454BaD727Ea3640a60#code,HelloBEP20,6,3/4/2021,Offy Delivered LTD (OFFY),
 0xab17fc14a1804b34fd67b67efcc986d425e94e02,2021-03-05 03:44:28.158547,https://bscscan.com/address/0xab17fc14a1804b34fd67b67efcc986d425e94e02#code,NLQToken,3,3/4/2021,NowLiquidity (NLQ),
 0x2ada862d803b8b734b937843f8f76609310f3da7,2021-03-05 03:44:28.158547,https://bscscan.com/address/0x2ada862d803b8b734b937843f8f76609310f3da7#code,GobiCoin,1,3/4/2021,Gobi Coin (GBC),
 0x0ae95d1645bcd6a85d61ffdb26eaff8c7462d6b7,2021-03-05 03:44:28.158547,https://bscscan.com/address/0x0ae95d1645bcd6a85d61ffdb26eaff8c7462d6b7#code,BEP20Token,2,3/4/2021,Meow Token (Meow),
 0x61e09eC57A5fcA440b9F6F024De668dafaA3ffa7,2021-03-05 03:44:28.158547,https://bscscan.com/address/0x61e09eC57A5fcA440b9F6F024De668dafaA3ffa7#code,AmazingBEP20,1,3/4/2021,SIGN.NET (SIGN),
 0x178a5bfcbb80db82f54aeba1c7061828ee7046e4,2021-03-05 03:44:28.158547,https://bscscan.com/address/0x178a5bfcbb80db82f54aeba1c7061828ee7046e4#code,BEP20Token,15,3/4/2021,Buffalo Finance (BUFF),http://Buffalo.finance
 0xbdb1c880904b39a009da0c7a12dc9d029c1f1c60,2021-03-05 03:44:28.158547,https://bscscan.com/address/0xbdb1c880904b39a009da0c7a12dc9d029c1f1c60#code,BEP20Token,4,3/4/2021,copsfinance.com (COPS),
 0x59834173cf65bac6b3a44079c11e7b613b5c09b6,2021-03-05 03:44:28.158547,https://bscscan.com/address/0x59834173cf65bac6b3a44079c11e7b613b5c09b6#code,utile,4,3/4/2021,utile-network.com (UTL),
 0x0e55a51ca10553fd4ae039b26c356bec4dac1a82,2021-03-05 03:44:28.158547,https://bscscan.com/address/0x0e55a51ca10553fd4ae039b26c356bec4dac1a82#code,BOS,7,3/4/2021,Boson Finance (BOS),
 0x832a348bd1e17033a3d1e7a6b9f8d8523f36e2fc,2021-03-05 03:44:28.158547,https://bscscan.com/address/0x832a348bd1e17033a3d1e7a6b9f8d8523f36e2fc#code,lightningpr,5,3/4/2021,lightningprotocol.finance (LIGHT),
 0x649952bad016b71eb445157239d69590f062bc5f,2021-03-05 03:44:28.158547,https://bscscan.com/address/0x649952bad016b71eb445157239d69590f062bc5f#code,TESLA_TOKEN,27,3/4/2021,TESLAFARM.FINANCE (iTesla),
 0xd75ac6c7b745b90f489ab90b13f90b3245e2dc2c,2021-03-05 03:44:28.158547,https://bscscan.com/address/0xd75ac6c7b745b90f489ab90b13f90b3245e2dc2c#code,FEDERALDEFIRESERVE,5,3/4/2021,FEDERALDEFIRESERVE (FDR),
 0xc5e938eF604f0c4A816608f1E338556C53F254F7,2021-03-05 03:44:28.158547,https://bscscan.com/address/0xc5e938eF604f0c4A816608f1E338556C53F254F7#code,GRTD,1,3/4/2021,Gratitude (GRTD),
 0x7704b2eac0c5B6cFb5577C4aEF3Be3ce136364ff,2021-03-05 03:44:28.158547,https://bscscan.com/address/0x7704b2eac0c5B6cFb5577C4aEF3Be3ce136364ff#code,WaultVaultV4,7,3/4/2021,testvault3 (testvault3),
 0x05b4977c30014e2f4086e2d58ea6fff409f62073,2021-03-05 03:44:28.158547,https://bscscan.com/address/0x05b4977c30014e2f4086e2d58ea6fff409f62073#code,BITCOINGOLD,9,3/4/2021,BITCOIN (BTCGOLD),
 0x6a0be09db6e9626789cf3f01361e985bc011daa6,2021-03-05 03:44:28.158547,https://bscscan.com/address/0x6a0be09db6e9626789cf3f01361e985bc011daa6#code,KETCHUP,11,3/4/2021,KetchupSwap Finance Token (KETCHUP),
 0x2cbE4bB54d64B6F07F2466304461ee83Ff57c318,2021-03-05 03:44:28.158547,https://bscscan.com/address/0x2cbE4bB54d64B6F07F2466304461ee83Ff57c318#code,TRPCToken,9,3/4/2021,Tropico Finance TRPC (TRPC),
 0xab69f6400be8b30eddeaf3e4e85052e72cd1ec3d,2021-03-05 03:44:28.158547,https://bscscan.com/address/0xab69f6400be8b30eddeaf3e4e85052e72cd1ec3d#code,BEP20Token,6,3/4/2021,PhoenixBurning (PBX),
 0x9f7eed6c55a81340b19ce359ac5418302df872da,2021-03-05 03:44:28.158547,https://bscscan.com/address/0x9f7eed6c55a81340b19ce359ac5418302df872da#code,UNOCARD,6,3/4/2021,UNOCARD (UNOCARD),
 0x4504cfd2f7b3a31e6cdad3d621f81c29f29f52a1,2021-03-05 03:44:28.158547,https://bscscan.com/address/0x4504cfd2f7b3a31e6cdad3d621f81c29f29f52a1#code,DEFIX_BSC_TOKEN,8,3/4/2021,DEFIX.ASIA (DEF),
 0x40b1eeaa8a675942941286732ca258fa79c72ee2,2021-03-05 03:44:28.158547,https://bscscan.com/address/0x40b1eeaa8a675942941286732ca258fa79c72ee2#code,GBEAR,1,3/4/2021,Grizzly by bears.finance (GBEAR),
 0x010bad2b8de098a1649d5cc04810490aaeb7d20c,2021-03-05 03:44:28.158547,https://bscscan.com/address/0x010bad2b8de098a1649d5cc04810490aaeb7d20c#code,BSCv2,3,3/4/2021,BSC FINANCE (BSCv2),
 0x30938fd95ee9ec20e1c0344520e098ec6c3991d6,2021-03-05 03:44:28.158547,https://bscscan.com/address/0x30938fd95ee9ec20e1c0344520e098ec6c3991d6#code,JoJoToken,1,3/4/2021,Jojo Token (JOJO),
 0xaca834b097ace27c9ef5d89319e192e9f281bd4d,2021-03-05 03:44:28.158547,https://bscscan.com/address/0xaca834b097ace27c9ef5d89319e192e9f281bd4d#code,CoinToken,5,3/4/2021,Auto Farming (ATFM),
 0xe02a785dd20aabd3a1bfeee7ab5ea53212f5b6b5,2021-03-05 03:44:28.158547,https://bscscan.com/address/0xe02a785dd20aabd3a1bfeee7ab5ea53212f5b6b5#code,Ojancok,2,3/4/2021,Ojancok (JNCK),
 0x773727aac0997de623890af07bab1adcd9dd315e,2021-03-05 03:44:28.158547,https://bscscan.com/address/0x773727aac0997de623890af07bab1adcd9dd315e#code,MTX,28,3/4/2021,Matrx.Finance (MTX),
 0xb6111e5a0542bbb799811de6973d81b878d25b70,2021-03-05 03:44:28.158547,https://bscscan.com/address/0xb6111e5a0542bbb799811de6973d81b878d25b70#code,ANG,3,3/4/2021,ANG_test (ANG_test),
 0x484BC1b7d626Ac4814E0008a397B8F68374140b7,2021-03-05 03:44:28.158547,https://bscscan.com/address/0x484BC1b7d626Ac4814E0008a397B8F68374140b7#code,OMNIA,1,3/4/2021,Ubiviz Token (UBVZ),
 0x54b605d947b0d98b77d2d9486d62643be427d40f,2021-03-05 13:48:20.961952,https://bscscan.com/address/0x54b605d947b0d98b77d2d9486d62643be427d40f#code,BEP20Token,19,3/5/2021,gemSOCKS (gSOCKS),
 0xaae6b858f10326fb7deebce9e789ec1736290074,2021-03-05 13:48:20.961952,https://bscscan.com/address/0xaae6b858f10326fb7deebce9e789ec1736290074#code,kneesocks,5,3/5/2021,KneeSocks (kneeSocks),
 0x8C81D9746a221547968AAFA1a08EaB3E3aC03E86,2021-03-05 13:48:20.961952,https://bscscan.com/address/0x8C81D9746a221547968AAFA1a08EaB3E3aC03E86#code,Avaluse,3,3/5/2021,Avaluse (AVAL),
 0xec03fd66dd0addad11cd8426ae36cd2f94a45c14,2021-03-05 13:48:20.961952,https://bscscan.com/address/0xec03fd66dd0addad11cd8426ae36cd2f94a45c14#code,YieldSOCKSv2,12,3/5/2021,YieldSOCKSv2 (ySOCKSv2),
 0xf817072538295ee719d485534809fac68b5d495b,2021-03-05 13:48:20.961952,https://bscscan.com/address/0xf817072538295ee719d485534809fac68b5d495b#code,nikesocks,21,3/5/2021,NikeSocks (nSocks),
 0x3d30d74a3a309c77d03423d427fdd2521d604b1e,2021-03-05 13:48:20.961952,https://bscscan.com/address/0x3d30d74a3a309c77d03423d427fdd2521d604b1e#code,XXL,3,3/5/2021,XXL Network (XXL),
 0xca68100dc0cc00cfba894370b60cccceb0c6cb2c,2021-03-05 13:48:20.961952,https://bscscan.com/address/0xca68100dc0cc00cfba894370b60cccceb0c6cb2c#code,Buffalo,6,3/5/2021,Buffalo.Finance (BUFFI),
 0x264f0b2ecf60e72a4195deccf731a8a7c28d2ca8,2021-03-05 13:48:20.961952,https://bscscan.com/address/0x264f0b2ecf60e72a4195deccf731a8a7c28d2ca8#code,CommunitySocksToken,97,3/5/2021,Community Socks Token (CSOCKS),
 0xA7C0702436C7424F34952CCCF0B44FC64d576A4D,2021-03-05 13:48:20.961952,https://bscscan.com/address/0xA7C0702436C7424F34952CCCF0B44FC64d576A4D#code,MemeSocks,29,3/5/2021,MemeSocks (MSocks),
 0x0736a5647411110da27bbc6a7414d0bb9f20fab6,2021-03-05 13:48:20.961952,https://bscscan.com/address/0x0736a5647411110da27bbc6a7414d0bb9f20fab6#code,Macabre,2,3/5/2021,MACABRE (MCBR),
 0xcf9ac4f4bca341d1766c92d93439aae4aa50d217,2021-03-05 13:54:28.141927,https://bscscan.com/address/0xcf9ac4f4bca341d1766c92d93439aae4aa50d217#code,BEPCLUB,3,3/5/2021,BEP (CLUB),
 0x000000000061c8326c4f0f5d1515ff78f1ec6a27,2021-03-05 13:54:28.141927,https://bscscan.com/address/0x000000000061c8326c4f0f5d1515ff78f1ec6a27#code,STAKEZToken,6,3/5/2021,STAKEZ (STZ),
 0x718fa5220c8812d755e0109675b512789f7fce62,2021-03-05 13:54:28.141927,https://bscscan.com/address/0x718fa5220c8812d755e0109675b512789f7fce62#code,LEAPFROG,11,3/5/2021,LEAP (FROG),
 0x272c5b27a66a95b300a4360950cdafd5ee3ed550,2021-03-05 13:54:28.141927,https://bscscan.com/address/0x272c5b27a66a95b300a4360950cdafd5ee3ed550#code,ForwardFinance,1,3/5/2021,ForwardFinance (FWD),
 0x5d90f7d40e84d67d78142b06fe3de336d1d2ec6e,2021-03-05 13:54:28.141927,https://bscscan.com/address/0x5d90f7d40e84d67d78142b06fe3de336d1d2ec6e#code,BLACKOPS,11,3/5/2021,BLACK (OPS),
 0x16C0e0936E1B38Ff1F9b8a1e75d8ba29aDf87d30,2021-03-05 13:54:28.141927,https://bscscan.com/address/0x16C0e0936E1B38Ff1F9b8a1e75d8ba29aDf87d30#code,KnightToken,8,3/5/2021,Knight Token (KNIGHT),
 0x9e18336E7Fe1824023376B2d73E15f3cF49B4B1a,2021-03-05 13:54:28.141927,https://bscscan.com/address/0x9e18336E7Fe1824023376B2d73E15f3cF49B4B1a#code,ApeSox,41,3/5/2021,ApeSox (APESOX),
 0x3e092105d694b20e2298803196f0ca24db6c14c6,2021-03-05 13:54:28.141927,https://bscscan.com/address/0x3e092105d694b20e2298803196f0ca24db6c14c6#code,CryptocrrencyJobsToken,1,3/5/2021,CryptocurrencyJobs (CCJ),
 0x580365ce8cb57638d39a25158f6ad12e5674716f,2021-03-05 13:54:28.141927,https://bscscan.com/address/0x580365ce8cb57638d39a25158f6ad12e5674716f#code,Sayang,1,3/5/2021,SAYANG (SYG),
 0xe786fe3958e6e1b6662d526ea77b1d8fefc5be83,2021-03-05 13:54:28.141927,https://bscscan.com/address/0xe786fe3958e6e1b6662d526ea77b1d8fefc5be83#code,BEP20Token,4,3/5/2021,xyzSocks (XYZSOCKS),
 0xf38d3ec737342697aff3f0db35be1ff5dc583415,2021-03-05 13:54:28.141927,https://bscscan.com/address/0xf38d3ec737342697aff3f0db35be1ff5dc583415#code,FrogxToken,30,3/5/2021,FrogX (FROGX),
 0x91965aac8092e20b47a8b17122ae4cdeae2d1235,2021-03-05 13:54:28.141927,https://bscscan.com/address/0x91965aac8092e20b47a8b17122ae4cdeae2d1235#code,zsockss,11,3/5/2021,zSocks (zSocks),
 0x10c9bd7e753fd910e09505b972610ab3b24c8a83,2021-03-05 13:54:28.141927,https://bscscan.com/address/0x10c9bd7e753fd910e09505b972610ab3b24c8a83#code,Bukkakeking,10,3/5/2021,BUKKAKE (KING),
 0xe1b79ad1dc859418a52aa05637cfab620967e9b4,2021-03-05 13:54:28.141927,https://bscscan.com/address/0xe1b79ad1dc859418a52aa05637cfab620967e9b4#code,Liviachain,3,3/5/2021,Liviachain (LVA),
 0x9b5716Bc0c5853EA54BbFC9d7e2f6d6Ffc123FCF,2021-03-05 13:54:28.141927,https://bscscan.com/address/0x9b5716Bc0c5853EA54BbFC9d7e2f6d6Ffc123FCF#code,MewToken,36,3/5/2021,Mew (MEW),
 0xE5876cFAC0B5941Ed4afd6E340239960058DB48C,2021-03-05 13:54:28.141927,https://bscscan.com/address/0xE5876cFAC0B5941Ed4afd6E340239960058DB48C#code,Power,3,3/5/2021,Power (Pow),
 0xa8c2965f1ff85d6f3c62ff334eb6ab28028f1b3c,2021-03-05 13:54:28.141927,https://bscscan.com/address/0xa8c2965f1ff85d6f3c62ff334eb6ab28028f1b3c#code,BorshchToken,7,3/5/2021,Borshchik (BORSHCH),
 0xc354F882bEAf2eacDd71C0239Eae69e89aB91fb3,2021-03-05 13:54:28.141927,https://bscscan.com/address/0xc354F882bEAf2eacDd71C0239Eae69e89aB91fb3#code,BIGJIM,7,3/5/2021,BIGJIM (BIGJ),
 0x3c8b0581e2022dbadc0f55fc23299dc66421c575,2021-03-05 13:54:28.141927,https://bscscan.com/address/0x3c8b0581e2022dbadc0f55fc23299dc66421c575#code,xyzSocks,92,3/5/2021,xyzSocks (XYZSOCKS),
 0xb7FAC9C350a43111EC7248CD74194538988A9e5b,2021-03-05 13:54:28.141927,https://bscscan.com/address/0xb7FAC9C350a43111EC7248CD74194538988A9e5b#code,SlimeFinance,11,3/5/2021,Slime.Finance (SLME),
 0x0815268408e192e1ab840c9da809c0039bc2eeb9,2021-03-05 13:54:28.141927,https://bscscan.com/address/0x0815268408e192e1ab840c9da809c0039bc2eeb9#code,cumsockss,3,3/5/2021,cumSocks (cumSocks),
 0xaeb437f92406e30593db8dad22ee1a73a338b6b0,2021-03-05 13:54:28.141927,https://bscscan.com/address/0xaeb437f92406e30593db8dad22ee1a73a338b6b0#code,BEP20Token,8,3/5/2021,unisocks.exchange (SOCKS),
 0x5e1ea79793270e405e58a99674284cbca83c103c,2021-03-05 13:54:28.141927,https://bscscan.com/address/0x5e1ea79793270e405e58a99674284cbca83c103c#code,PANTIES,15,3/5/2021,PANTIES (PANTIES),
 0x4a3cb84cb29566202c179c13ef25c337dc0583ff,2021-03-05 13:54:28.141927,https://bscscan.com/address/0x4a3cb84cb29566202c179c13ef25c337dc0583ff#code,BEP20Token,2,3/5/2021,EX.SOCKS (xSOCKS),
 0xa305c6a7c96aa4a1e7bf818a3ec4fde64bb573f6,2021-03-05 13:54:28.141927,https://bscscan.com/address/0xa305c6a7c96aa4a1e7bf818a3ec4fde64bb573f6#code,PANTIES,1,3/5/2021,PANTIES (PANTIES),
 0xc510d9ba9194b4355a1aa3f9ce5711c8820e2cc6,2021-03-05 13:54:28.141927,https://bscscan.com/address/0xc510d9ba9194b4355a1aa3f9ce5711c8820e2cc6#code,xsockss,3,3/5/2021,xSocks (x-Socks),
 0x135cc9c51641266db498c8431c92434e09ac8a00,2021-03-05 13:54:28.141927,https://bscscan.com/address/0x135cc9c51641266db498c8431c92434e09ac8a00#code,Yield_Le_Socks,11,3/5/2021,Yield Le Socks (LeSocks),
 0x74269fa9624dffca33742e03180f67967aa9ac2c,2021-03-05 13:54:28.141927,https://bscscan.com/address/0x74269fa9624dffca33742e03180f67967aa9ac2c#code,RAD,4,3/5/2021,Radium (RAD),
 0x721a4ee2f1be4d22e39d21692871556fa76f4b6c,2021-03-05 13:54:28.141927,https://bscscan.com/address/0x721a4ee2f1be4d22e39d21692871556fa76f4b6c#code,BEP20Token,1,3/5/2021,Onigiri finance (ONIG),
 0x402f88d701f37670e0c58426abd7120a90b66e09,2021-03-05 13:54:28.141927,https://bscscan.com/address/0x402f88d701f37670e0c58426abd7120a90b66e09#code,HASHBROWNS,8,3/5/2021,HASHBROWNS (HASH),
 0x8a659fbc5e7f7435307f105551a3dbecb0f248a4,2021-03-05 13:54:28.141927,https://bscscan.com/address/0x8a659fbc5e7f7435307f105551a3dbecb0f248a4#code,xsocks,20,3/5/2021,xSocks (xSocks),
 0x56f0d90b5a62f3e76bddb072b6b15e9670fda829,2021-03-05 13:54:28.141927,https://bscscan.com/address/0x56f0d90b5a62f3e76bddb072b6b15e9670fda829#code,BEP20Token,5,3/5/2021,Open-Source Oracles (DIA),
 0xe0af94f4bfc4d6e7a3338477ad236be26183d71e,2021-03-05 13:54:28.141927,https://bscscan.com/address/0xe0af94f4bfc4d6e7a3338477ad236be26183d71e#code,SeaFoodToken,40,3/5/2021,SeaFood Token (SFS),
 0xfad438ac6b01563859c40365cbc27b92c35758fa,2021-03-05 13:54:28.141927,https://bscscan.com/address/0xfad438ac6b01563859c40365cbc27b92c35758fa#code,SlimeToken,299,3/5/2021,Wisp (WISP),
 0xe5a256e93d947089e78b7bef10d6b212f0f2166d,2021-03-05 13:54:28.141927,https://bscscan.com/address/0xe5a256e93d947089e78b7bef10d6b212f0f2166d#code,zsocks,15,3/4/2021,Z-YieldSocks (zSOCKS),
 0x3c9f0b92e0777c313188f6611e2c8b427f6d2f7f,2021-03-05 13:54:28.141927,https://bscscan.com/address/0x3c9f0b92e0777c313188f6611e2c8b427f6d2f7f#code,WaultVaultV4,5,3/4/2021,Wault Auto CAKE (waultAuto...),
 0xF9C26fd9b25868B8F66694ca7158B1325221c01E,2021-03-05 13:54:28.141927,https://bscscan.com/address/0xF9C26fd9b25868B8F66694ca7158B1325221c01E#code,MigosSwap,2,3/4/2021,Migos Swap (MIGOS),
 0xb492b8a8bac2e2e76177536a0a5ae8ec0b15edd1,2021-03-05 13:54:28.141927,https://bscscan.com/address/0xb492b8a8bac2e2e76177536a0a5ae8ec0b15edd1#code,xsocksyield,13,3/4/2021,X-YieldSocks (xSOCKS),
 0x32fb317389a6c43ecc63e37f33b7f35a566a9ac4,2021-03-05 13:54:28.141927,https://bscscan.com/address/0x32fb317389a6c43ecc63e37f33b7f35a566a9ac4#code,konomi,4,3/4/2021,konomi.network (KONO),
 0xe48895c44f1c80d17ae55f385a7e6a823dfc95a4,2021-03-05 13:54:28.141927,https://bscscan.com/address/0xe48895c44f1c80d17ae55f385a7e6a823dfc95a4#code,CHX,4,3/4/2021,Chardonnay DAO (CHX),
 0x15b3440162df1d392559abb9cad65fd79434080c,2021-03-05 13:54:28.141927,https://bscscan.com/address/0x15b3440162df1d392559abb9cad65fd79434080c#code,VINTECH,3,3/4/2021,VINTECH (CAPITAL),
 0x92de13fc2397322a2d094f583898716970cf2584,2021-03-05 13:57:45.726541,https://bscscan.com/address/0x92de13fc2397322a2d094f583898716970cf2584#code,Fibonacci,3,3/5/2021,Fibonacci (Fm+1),
 0x42F6f551ae042cBe50C739158b4f0CAC0Edb9096,2021-03-05 13:57:45.726541,https://bscscan.com/address/0x42F6f551ae042cBe50C739158b4f0CAC0Edb9096#code,NerveToken,2,3/5/2021,Nerve (NRV),
 0xC081eb990508bafA7e9EE308fAC35be2935Ec92a,2021-03-05 13:57:45.726541,https://bscscan.com/address/0xC081eb990508bafA7e9EE308fAC35be2935Ec92a#code,AxumProtocol,4,3/5/2021,Axum.Protocol (AXUM),
 0x7dd16484946c7720457b1fdc52b22c48a4a8d027,2021-03-05 13:57:45.726541,https://bscscan.com/address/0x7dd16484946c7720457b1fdc52b22c48a4a8d027#code,SocksBSC,88,3/5/2021,Socks (SOCK),
 0xd29c6edb9accbb84b26800e95e0d1accbef85324,2021-03-05 13:57:45.726541,https://bscscan.com/address/0xd29c6edb9accbb84b26800e95e0d1accbef85324#code,ZON,4,3/5/2021,Ozon Finance (ZON),
 0xab936901ae0534ab13bd7d1c8b38b22adb772f20,2021-03-05 13:57:45.726541,https://bscscan.com/address/0xab936901ae0534ab13bd7d1c8b38b22adb772f20#code,bigpugfinance,4,3/5/2021,bigpug.finance (BPUG),
 0x3aeb6dee52ed6772f26c68bac63f121121d7092f,2021-03-05 13:57:45.726541,https://bscscan.com/address/0x3aeb6dee52ed6772f26c68bac63f121121d7092f#code,BeeToken,19,3/5/2021,BeeSwap Finance (BEE),
 0x36C0556c2B15aED79F842675Ff030782738eF9e8,2021-03-05 13:58:46.201424,https://bscscan.com/address/0x36C0556c2B15aED79F842675Ff030782738eF9e8#code,BlueToken,1,3/5/2021,BlueToken (BLUE),
 0xAC6941d2FA22732E8D6253C0Eac208574C9DCA2e,2021-03-05 14:15:22.681617,https://bscscan.com/address/0xAC6941d2FA22732E8D6253C0Eac208574C9DCA2e#code,TuttySwap,1,3/5/2021,TuttySwap (Tutty),
 0x7ce9f1a8e494d49e59a72fd0443d378448151b9c,2021-03-05 14:17:01.681556,https://bscscan.com/address/0x7ce9f1a8e494d49e59a72fd0443d378448151b9c#code,VSafeVaultBUSD,5,3/5/2021,VSafeVault:BUSD (vSafeBUSD),
 0x92f15d7b2cb068ed93e03a41a647d8e06ca4c5a1,2021-03-05 14:51:45.984898,https://bscscan.com/address/0x92f15d7b2cb068ed93e03a41a647d8e06ca4c5a1#code,BEP20Token,4,3/5/2021,Non-Fungible Yearn (NFY),
 0xac0c7d9b063ed2c0946982ddb378e03886c064e6,2021-03-05 14:51:45.984898,https://bscscan.com/address/0xac0c7d9b063ed2c0946982ddb378e03886c064e6#code,TREATcontract,2,3/5/2021,TREAT (TREAT),
 0xa3e932a45aec6cc02711324300bb1f80e300a71f,2021-03-05 15:15:35.438801,https://bscscan.com/address/0xa3e932a45aec6cc02711324300bb1f80e300a71f#code,Stakezv2,2,3/5/2021,STAKEZv2 (bSTZ),
 0xead4ddac92e894f31af63281c67a22f8512d95a1,2021-03-05 15:15:35.438801,https://bscscan.com/address/0xead4ddac92e894f31af63281c67a22f8512d95a1#code,ShadeToken,36,3/5/2021,ShadowSwap (SHADE),
 0x66572662c628028d46c8c7283bd851df9f985828,2021-03-05 15:15:35.438801,https://bscscan.com/address/0x66572662c628028d46c8c7283bd851df9f985828#code,Yearnenergy,1,3/5/2021,Yearn.Energy (YFNG),
 0x896885c7d405ffbaa8e2828b73f28790cd0de4d6,2021-03-05 16:14:25.567602,https://bscscan.com/address/0x896885c7d405ffbaa8e2828b73f28790cd0de4d6#code,MAYO,2,3/5/2021,MayoSwap Finance Token (MAYO),
 0x96c92c59a182ebbdfda5a2d4b15e28f95631414b,2021-03-05 16:14:25.567602,https://bscscan.com/address/0x96c92c59a182ebbdfda5a2d4b15e28f95631414b#code,Moon,1,3/5/2021,MOON (MOON),
 0x423952b452664ccd40bde31e37beb20f32ce034d,2021-03-05 16:14:25.567602,https://bscscan.com/address/0x423952b452664ccd40bde31e37beb20f32ce034d#code,BEP20BSW,7,3/5/2021,BSocks Token (BSOCKS),
 0xa3623C0B131cAA8ba641f42211b8faa860F7afB6,2021-03-05 16:14:25.567602,https://bscscan.com/address/0xa3623C0B131cAA8ba641f42211b8faa860F7afB6#code,BEP20Token,2,3/5/2021,LEOSHARES (LEOS),
 0xeD741dB80bA7C18454E674B8230364511782f5fa,2021-03-05 16:14:25.567602,https://bscscan.com/address/0xeD741dB80bA7C18454E674B8230364511782f5fa#code,LaserSwapToken,2,3/5/2021,laserswap.cash (LAS),
 0x02df04f27c8adb8a783857e016055d25bf0768f5,2021-03-05 16:14:25.567602,https://bscscan.com/address/0x02df04f27c8adb8a783857e016055d25bf0768f5#code,CErc20Immutable,9,3/5/2021,kWrapped BNB (kWBNB),
 0xbf34a1c430fbe19e86b039d68aa5cf30976b10d2,2021-03-05 16:14:25.567602,https://bscscan.com/address/0xbf34a1c430fbe19e86b039d68aa5cf30976b10d2#code,BEP20Token,3,3/5/2021,Non Fungible Yearn (NFY2),
 0xB02cD9CEBD3c9a5e1EFAe855Acb991B3143C021c,2021-03-05 16:14:25.567602,https://bscscan.com/address/0xB02cD9CEBD3c9a5e1EFAe855Acb991B3143C021c#code,HonorBar,2,3/5/2021,HonorBar Token (HONOR),
 0xcF196A4F1055d8f8f72F74DC0785598F55D9eB10,2021-03-05 16:16:03.460762,https://bscscan.com/address/0xcF196A4F1055d8f8f72F74DC0785598F55D9eB10#code,BobaToken,3,3/5/2021,BobaSwap (BOBA),
 0x79b734c1B44243061e6856bFed2641eBaF6dfFea,2021-03-05 16:21:15.430676,https://bscscan.com/address/0x79b734c1B44243061e6856bFed2641eBaF6dfFea#code,WhiteSocks,1,3/5/2021,White Socks (WSOCKS),
 0x64fe6c26d3b498834be47fe4856fe20f9dcb079d,2021-03-05 16:26:19.116307,https://bscscan.com/address/0x64fe6c26d3b498834be47fe4856fe20f9dcb079d#code,BEP20BSW,2,3/5/2021,DSocks Token (DSOCKS),
 0x4723debcbd8e04a80352a7a0c4a5bc07e9773e41,2021-03-05 16:32:28.172092,https://bscscan.com/address/0x4723debcbd8e04a80352a7a0c4a5bc07e9773e41#code,LIGHTToken,1,3/5/2021,lightningtoken.org (LIGHT),
 0xd4e8512b27483e47cadc1a4605915aad96e7437e,2021-03-05 16:34:09.688668,https://bscscan.com/address/0xd4e8512b27483e47cadc1a4605915aad96e7437e#code,BEP20BSW,1,3/5/2021,ZSocks Token (ZSOCKS),
 0x13bd59b209629eab2fe792aa468a03161c65d6a9,2021-03-05 16:50:12.032472,https://bscscan.com/address/0x13bd59b209629eab2fe792aa468a03161c65d6a9#code,BEP20Token,1,3/5/2021,DeFi SOCKS Edition BSC (DEFISOCKS),
 0x0684Ffcc67792c50fdC303813C7b0c00D6AA6B99,2021-03-05 16:51:51.343096,https://bscscan.com/address/0x0684Ffcc67792c50fdC303813C7b0c00D6AA6B99#code,BSCTrust,1,3/5/2021,BSCTrust.finance (BSCTrust),
 0xA6b4E798eD4Fc6a5B5766dBE12eE69B8336105e1,2021-03-05 16:58:58.404426,https://bscscan.com/address/0xA6b4E798eD4Fc6a5B5766dBE12eE69B8336105e1#code,FoamBar,2,3/5/2021,FoamBar Token (FOAM),
 0xc3f27df5ac663d253cb51b13a4d479f7939703e7,2021-03-05 17:02:26.038353,https://bscscan.com/address/0xc3f27df5ac663d253cb51b13a4d479f7939703e7#code,BEP20Token,1,3/5/2021,Ufox Token (UFOX),
 0x5f105e82f17b42ff82f97ec1d6f84ca84a2d8e81,2021-03-05 17:06:15.420843,https://bscscan.com/address/0x5f105e82f17b42ff82f97ec1d6f84ca84a2d8e81#code,CoinToken,1,3/5/2021,Strom (STM),
 0xb097d19F803662C573dbc959D5d3494fD291Cf89,2021-03-05 17:07:59.135641,https://bscscan.com/address/0xb097d19F803662C573dbc959D5d3494fD291Cf89#code,FUSI,1,3/5/2021,FUSI (Fusible |...),
 0xd4bbf439d3eab5155ca7c0537e583088fb4cfce8,2021-03-05 17:14:54.255686,https://bscscan.com/address/0xd4bbf439d3eab5155ca7c0537e583088fb4cfce8#code,VSafeVaultWBNB,4,3/5/2021,VSafeVault:WBNB (vSafeWBNB),
 0xfbc6ae32Aa4616B9174c503eF830A9022B6948C5,2021-03-05 17:30:27.592230,https://bscscan.com/address/0xfbc6ae32Aa4616B9174c503eF830A9022B6948C5#code,FlowSocks,2,3/5/2021,FlowSocks (FlSocks),
 0x7939871144c593fdd2d31d52e8dde55985d35b1f,2021-03-05 17:32:13.860824,https://bscscan.com/address/0x7939871144c593fdd2d31d52e8dde55985d35b1f#code,BEP20Token,1,3/5/2021,Bull SOCKS (bullSOCKS),
 0x3b97de2e50c8d88ca168534cf4ea5b9193b1a7f3,2021-03-05 17:48:13.916551,https://bscscan.com/address/0x3b97de2e50c8d88ca168534cf4ea5b9193b1a7f3#code,FridgeFinance,1,3/5/2021,Fridge Swap (FDG),
 0xf12A2ACAf0a5306F1A92A0fB41B6A2b99C3C06bF,2021-03-05 17:51:41.012726,https://bscscan.com/address/0xf12A2ACAf0a5306F1A92A0fB41B6A2b99C3C06bF#code,FUSI,1,3/5/2021,Fusible | Fusible.io (FUSI),
 0x8366f0cb768536e6265d682eb27f7f755e55f1b5,2021-03-05 17:53:28.202433,https://bscscan.com/address/0x8366f0cb768536e6265d682eb27f7f755e55f1b5#code,Fusible,1,3/5/2021,Fusible | Fusible.io (FUSI),
 0xa971DA6A4b5BC5DE5a82d93d3983f3C9d95f035C,2021-03-05 17:58:48.292635,https://bscscan.com/address/0xa971DA6A4b5BC5DE5a82d93d3983f3C9d95f035C#code,CryptoPoker,1,3/5/2021,Crypto Poker (CPE),
 0xb3bb66037cfd516d29aa4fa459863d26cd2e1c19,2021-03-05 17:58:48.292635,https://bscscan.com/address/0xb3bb66037cfd516d29aa4fa459863d26cd2e1c19#code,Crown,1,3/5/2021,BSCCrown.com (CROWN),
 0xc61d68872d462230dd3f402ad4ed8a3a1202be3f,2021-03-05 18:00:35.370608,https://bscscan.com/address/0xc61d68872d462230dd3f402ad4ed8a3a1202be3f#code,Pofi,2,3/5/2021,Pofi (Pofi),
 0xdbe35cbbfbf8bb10604f8127d915ebdc40dce380,2021-03-05 18:18:09.317058,https://bscscan.com/address/0xdbe35cbbfbf8bb10604f8127d915ebdc40dce380#code,Last100Socks,1,3/5/2021,Last100Socks (100SOCKS),
 0x5e1d6945bd884a8feeb2ab92a7adb7e16fdc69bb,2021-03-05 18:26:53.393084,https://bscscan.com/address/0x5e1d6945bd884a8feeb2ab92a7adb7e16fdc69bb#code,MainToken,577,3/5/2021,MARS.finance (MARS),
 0x813c28a22c6620fa06e0c5a91b5f802f9ea09224,2021-03-05 18:34:00.912387,https://bscscan.com/address/0x813c28a22c6620fa06e0c5a91b5f802f9ea09224#code,BEP20Token,1,3/5/2021,Pasar Pahing (PSG),
 0xD9f9c2a1051c6a7c3D662b620DB16405Fa8f9B23,2021-03-05 18:35:49.412895,https://bscscan.com/address/0xD9f9c2a1051c6a7c3D662b620DB16405Fa8f9B23#code,TheRealSocks,1,3/5/2021,The Real Socks (TRSOCKS),
 0x43bd1Db5b882b081cCbA03CA26311e3Fa9f69924,2021-03-05 18:39:17.372154,https://bscscan.com/address/0x43bd1Db5b882b081cCbA03CA26311e3Fa9f69924#code,BSCSswapToken,2,3/5/2021,BSCSswap-Test Token (BSCD),
 0xd3a3a69c575d81ce8e7cf1298ce760055a5669c1,2021-03-05 18:53:40.953873,https://bscscan.com/address/0xd3a3a69c575d81ce8e7cf1298ce760055a5669c1#code,BNFY,3,3/5/2021,B Non-Fungible Yearn (BNFY),
 0x5Bb91Cf750458F8B5E6Df27C6e5BA285079E9267,2021-03-05 18:55:27.837329,https://bscscan.com/address/0x5Bb91Cf750458F8B5E6Df27C6e5BA285079E9267#code,GenToken,2,3/5/2021,Generic Token (GEN),
 0x37f1fEBaae723D00E79C54c47A82dac22B41847F,2021-03-05 19:19:29.130715,https://bscscan.com/address/0x37f1fEBaae723D00E79C54c47A82dac22B41847F#code,AirSocks,2,3/5/2021,AirSocks (AirSocks),
 0xe1099b05683de18812de0fe8deb36cc96c0cf900,2021-03-05 19:28:40.747503,https://bscscan.com/address/0xe1099b05683de18812de0fe8deb36cc96c0cf900#code,EarnX,1,3/5/2021,myearnx.co.uk (EarnX),
 0xbab10590fc5eb4bbf9d7554125cf6948825376c6,2021-03-05 19:28:40.747503,https://bscscan.com/address/0xbab10590fc5eb4bbf9d7554125cf6948825376c6#code,LoomCoin,3,3/5/2021,t.me/loomcoinbsc (LoomCoin ...),
 0xca699e9FDfFC60Ecc9BA1d65Ceece76D778c234a,2021-03-05 19:32:20.699840,https://bscscan.com/address/0xca699e9FDfFC60Ecc9BA1d65Ceece76D778c234a#code,NeptuneToken,2,3/5/2021,NeptuneSwap Token (TUNE),
 0x5c1a9cd35659a0da3063c2dad54ff197b6ff5d81,2021-03-05 19:39:08.838583,https://bscscan.com/address/0x5c1a9cd35659a0da3063c2dad54ff197b6ff5d81#code,BEP20Token,1,3/5/2021,renSOCKS (RENSOCKS),
 0x74f9f035592fdc02cf14d5de60d6587bf2ba4877,2021-03-05 19:42:50.916917,https://bscscan.com/address/0x74f9f035592fdc02cf14d5de60d6587bf2ba4877#code,BEP20Token,2,3/5/2021,PDT Token (PDT),
 0x960432bD5D9f27c9b6DF538aaa1Ca74989d1a13c,2021-03-05 19:46:35.205538,https://bscscan.com/address/0x960432bD5D9f27c9b6DF538aaa1Ca74989d1a13c#code,ApSocks,1,3/5/2021,ApSocks (ApSocks),
 0x99bfED62483E4c03e294DF3DEe1bfd7B490d9cbE,2021-03-05 19:50:16.144775,https://bscscan.com/address/0x99bfED62483E4c03e294DF3DEe1bfd7B490d9cbE#code,Unisocks1,3,3/5/2021,UniSocks Edition 1 (Socks),
 0x271Ce6C2f47A49784d5818d40E7A24ec9c1C36A5,2021-03-05 19:52:10.329954,https://bscscan.com/address/0x271Ce6C2f47A49784d5818d40E7A24ec9c1C36A5#code,MetaSocks,1,3/5/2021,MetaSocks (Msocks),
 0x02b9911ee42d7a5eada911faadfd192bc97b426b,2021-03-05 19:55:50.172469,https://bscscan.com/address/0x02b9911ee42d7a5eada911faadfd192bc97b426b#code,ERC20,2,3/5/2021,PepeSocks (PEPE),
 0xdE9e85a12E1bb137265df171e62b8D804c6D41Be,2021-03-05 19:57:39.064380,https://bscscan.com/address/0xdE9e85a12E1bb137265df171e62b8D804c6D41Be#code,BEP2EToken,1,3/5/2021,CryptoGeoBank (CRGB),
 0xa4659f275689fd7d127a07411137d13f069bfebc,2021-03-05 20:03:13.892057,https://bscscan.com/address/0xa4659f275689fd7d127a07411137d13f069bfebc#code,BEP20BSW,2,3/5/2021,Dog Socks (DSOCKS),
 0x11d751A6089B39D7bb8ADF1fE1F50B4eEA1dcbDF,2021-03-05 20:07:01.401273,https://bscscan.com/address/0x11d751A6089B39D7bb8ADF1fE1F50B4eEA1dcbDF#code,ReplicantToken,2,3/5/2021,Replicant (RPLC),
 0x22c865fbafaa9d67bec50eb1996271825fbd9f92,2021-03-05 20:14:21.485603,https://bscscan.com/address/0x22c865fbafaa9d67bec50eb1996271825fbd9f92#code,BEP20Token,2,3/5/2021,miniSOCKS (mSOCKS),
 0x9c1ea126984e5124501e8f0df4961a5b875bb634,2021-03-05 20:17:52.569445,https://bscscan.com/address/0x9c1ea126984e5124501e8f0df4961a5b875bb634#code,xyzsocks,2,3/5/2021,xyzSocks (xyzSocks),
 0x859c76226697c300ceb0e372960cc16d5090084d,2021-03-05 20:19:44.010640,https://bscscan.com/address/0x859c76226697c300ceb0e372960cc16d5090084d#code,PancakeSocks,3,3/5/2021,PancakeSocks (PCS),
 0x24d5da8a2d9c26d1020fa7fedc9b1124c68c5956,2021-03-05 20:21:32.820383,https://bscscan.com/address/0x24d5da8a2d9c26d1020fa7fedc9b1124c68c5956#code,MeowToken,1,3/5/2021,MeowSwap Token (MEOW),
 0xf92ebc5952912998e6cd6afd46026924762eb63e,2021-03-05 20:27:02.050212,https://bscscan.com/address/0xf92ebc5952912998e6cd6afd46026924762eb63e#code,moneysocks,1,3/5/2021,moneySocks (MONEYSocks),
 0xad5c80a689ef5ddd62dd0922c957aa66a5ebd9c5,2021-03-05 20:33:39.682597,https://bscscan.com/address/0xad5c80a689ef5ddd62dd0922c957aa66a5ebd9c5#code,anklesocks,1,3/5/2021,AnkleSocks (AnkleSocks),
 0x6b325f8012e1d5b6b07751ad2ee8b79bd81199e1,2021-03-05 20:42:44.304124,https://bscscan.com/address/0x6b325f8012e1d5b6b07751ad2ee8b79bd81199e1#code,BEP20Token,1,3/5/2021,Red SOCKS (redSOCKS),
 0xa14c8f733bee43e2dfbf28462740dffc0b6c3251,2021-03-05 20:44:30.204023,https://bscscan.com/address/0xa14c8f733bee43e2dfbf28462740dffc0b6c3251#code,shoes,2,3/5/2021,SHOES (SHOES),
 0x2745be2d1e2debce415abfd05e2b1f5500928c98,2021-03-05 21:02:32.983962,https://bscscan.com/address/0x2745be2d1e2debce415abfd05e2b1f5500928c98#code,JoJoToken,1,3/5/2021,JoJo.Finance (JOJO),
 0xcacbe91bf408c2b53011a8cc04bae0236210c63d,2021-03-05 21:02:32.983962,https://bscscan.com/address/0xcacbe91bf408c2b53011a8cc04bae0236210c63d#code,iShoes,4,3/5/2021,t.me/iShoesfinance (iShoes / ...),
 0xee5bd9408e28782fa66d57a3a87f94053c1501ec,2021-03-05 21:04:23.398366,https://bscscan.com/address/0xee5bd9408e28782fa66d57a3a87f94053c1501ec#code,RPIToken,1,3/5/2021,RPICOIN.COM (RPI),
 0xed82b2f67ce183b8594404a9edcccd3611c63826,2021-03-05 21:04:23.398366,https://bscscan.com/address/0xed82b2f67ce183b8594404a9edcccd3611c63826#code,BEP20Token,1,3/5/2021,99x Token (99),
 0x67ab790efd0461e32e89db80b7514629565eff40,2021-03-05 21:06:11.277919,https://bscscan.com/address/0x67ab790efd0461e32e89db80b7514629565eff40#code,asocks,2,3/5/2021,Adidas Socks (aSocks),
 0xb3529ca8509293b09b046e3a2b4e31c38c8e43ac,2021-03-05 21:15:12.204053,https://bscscan.com/address/0xb3529ca8509293b09b046e3a2b4e31c38c8e43ac#code,Neptune,1,3/5/2021,NeptuneSwap (Neptune),
 0x892A6F5Fa7581c52ff1cD424762298cDb9d94378,2021-03-05 21:22:21.489332,https://bscscan.com/address/0x892A6F5Fa7581c52ff1cD424762298cDb9d94378#code,SimpleNft,2,3/5/2021,Tokenine NFT #1 (TN1),
 0x5b6e460352d19af9e47fdf21f5b3f902e1e97ed7,2021-03-05 21:32:58.453757,https://bscscan.com/address/0x5b6e460352d19af9e47fdf21f5b3f902e1e97ed7#code,PeaceaCoin,1,3/5/2021,Peacea Coin (PECE),
 0xf11fb2573523D5aE54636b19b1743CfAad9cFCE5,2021-03-05 21:36:33.183090,https://bscscan.com/address/0xf11fb2573523D5aE54636b19b1743CfAad9cFCE5#code,TelluricToken,1,3/5/2021,Telluric Token (TELT),
 0xdaa54f48b93c12e32f36533acaccd8d1e7c4ccaf,2021-03-05 21:36:33.183090,https://bscscan.com/address/0xdaa54f48b93c12e32f36533acaccd8d1e7c4ccaf#code,lightnin,2,3/5/2021,lightningprotocol.finance (LIGHT),
 0x8Cc37645E81A8ccBB2CD8A27EACa7bdfD1cb3baB,2021-03-05 21:38:25.700860,https://bscscan.com/address/0x8Cc37645E81A8ccBB2CD8A27EACa7bdfD1cb3baB#code,UniFiSocks,2,3/5/2021,UniFiSocks (UFiSocks),
 0xcf872f20ffaa164750f070ac06c000b570c8041b,2021-03-05 21:41:58.947024,https://bscscan.com/address/0xcf872f20ffaa164750f070ac06c000b570c8041b#code,MakeMoreMoney,1,3/5/2021,MAKE MORE MONEY (M3C),
 0xbe65646F89EA12B74797aD5444c2F22E0D5a5363,2021-03-05 21:43:45.752144,https://bscscan.com/address/0xbe65646F89EA12B74797aD5444c2F22E0D5a5363#code,BEP20Token,1,3/5/2021,NarutoSwap (Naruto),
 0xD7826915aA358918Ed3F1719b589e83F1cb56FF1,2021-03-05 21:52:42.416776,https://bscscan.com/address/0xD7826915aA358918Ed3F1719b589e83F1cb56FF1#code,BEP20Token,1,3/5/2021,NarutoSwap V1 (Naruto V1),
 0xAe2b7b5Ca995c6E0FE1e0766F544C1601967075c,2021-03-05 21:54:36.708489,https://bscscan.com/address/0xAe2b7b5Ca995c6E0FE1e0766F544C1601967075c#code,FusiToken,2,3/5/2021,Fusible | Fusible.io (FUSI),
 0x38dc2673525c73955bb3b03395956a191550ea76,2021-03-05 22:05:22.819730,https://bscscan.com/address/0x38dc2673525c73955bb3b03395956a191550ea76#code,farmsocks,2,3/5/2021,SocksFarm (FSOCKS),
 0x53c0ce2ebda0c2a39327be0b58a3c28a8dcde420,2021-03-05 22:05:22.819730,https://bscscan.com/address/0x53c0ce2ebda0c2a39327be0b58a3c28a8dcde420#code,BeefyVenusVault,8,3/5/2021,Moo Venus ADA (mooVenusA...),
 0x68e5b15fbc7f3b4cd008dc7962ce8ea646dc2291,2021-03-05 22:07:11.214390,https://bscscan.com/address/0x68e5b15fbc7f3b4cd008dc7962ce8ea646dc2291#code,PNDA,1,3/5/2021,Project Panda (PNDA),
 0x0cd36c2ce6704ce74ec516fe3980edd427d15b53,2021-03-05 22:24:29.466927,https://bscscan.com/address/0x0cd36c2ce6704ce74ec516fe3980edd427d15b53#code,fus,1,3/5/2021,fusible.io (FUSI),
 0xf541e0790ba97bab64705602f919a18db613c0d5,2021-03-05 22:32:35.562773,https://bscscan.com/address/0xf541e0790ba97bab64705602f919a18db613c0d5#code,Pangolin,1,3/5/2021,Pangolin (PNG),
 0x3ee12e8cd0ea947b88c253341a117792388c91dd,2021-03-05 22:44:55.820954,https://bscscan.com/address/0x3ee12e8cd0ea947b88c253341a117792388c91dd#code,tsocks,2,3/5/2021,TWOSocks (2SOCKS),
 0x39d75f5501807A90a4B83aeD80035b5061c0986e,2021-03-05 22:57:16.659754,https://bscscan.com/address/0x39d75f5501807A90a4B83aeD80035b5061c0986e#code,ShibDefiToken,1,3/5/2021,ShibDefi (SHIBD),
 0x032d6a55c9e64e420d12a7d096ddb75486fcf2a0,2021-03-05 23:02:31.906064,https://bscscan.com/address/0x032d6a55c9e64e420d12a7d096ddb75486fcf2a0#code,DAN,1,3/5/2021,Dandelion Finance (DAN),
 0x91918f3EC1F030E2b1Bd2B3aaEcF6760d46258d9,2021-03-05 23:06:08.176361,https://bscscan.com/address/0x91918f3EC1F030E2b1Bd2B3aaEcF6760d46258d9#code,DuckToken,2,3/5/2021,Duck.Money Token v2 (QUACK),
 0x52f0abef7dff6b99d0f289149fc5f48dfd3232ce,2021-03-05 23:14:58.221129,https://bscscan.com/address/0x52f0abef7dff6b99d0f289149fc5f48dfd3232ce#code,WhaleToken,107,3/5/2021,Whale Token (WHALE),
 0x9494cd73f86da24268b27b3e0af97b969d548a93,2021-03-05 23:16:42.719563,https://bscscan.com/address/0x9494cd73f86da24268b27b3e0af97b969d548a93#code,BEP20BSW,2,3/5/2021,HTTPS (SSL),
 0x92595603D198B4Dc99098701DDC313D2fEc56E88,2021-03-05 23:22:06.601910,https://bscscan.com/address/0x92595603D198B4Dc99098701DDC313D2fEc56E88#code,ARTSTRO,1,3/5/2021,Artstro (ARTST),
 0x8457b1f17c1e80b3a000e899d558d08879881e20,2021-03-05 23:22:06.601910,https://bscscan.com/address/0x8457b1f17c1e80b3a000e899d558d08879881e20#code,BridgeProtocol,1,3/5/2021,BridgeProtocol (BRIDGE),
 0x1311b352467d2b5c296881badea82850bcd8f886,2021-03-05 23:23:55.805969,https://bscscan.com/address/0x1311b352467d2b5c296881badea82850bcd8f886#code,TOOLSToken,1,3/5/2021,TOOLS (TOOLS),
 0x50a3450cde372a69a80198bee3b5ee5cbc014cb1,2021-03-05 23:27:30.413381,https://bscscan.com/address/0x50a3450cde372a69a80198bee3b5ee5cbc014cb1#code,SAUSAGE,1,3/5/2021,SausageSwap Finance Token (SAUSAGE),
 0x1c3942d117a2d75044d38385d17ad53b7ed0a995,2021-03-05 23:41:36.585827,https://bscscan.com/address/0x1c3942d117a2d75044d38385d17ad53b7ed0a995#code,Bogus,1,3/5/2021,Boogus (BOG),
 0x8ce6944f7ca5c01fd2b136a8e26dbc110fad0c51,2021-03-05 23:50:12.679313,https://bscscan.com/address/0x8ce6944f7ca5c01fd2b136a8e26dbc110fad0c51#code,BEP20Token,1,3/5/2021,Gelato Coin (GLT),
 0xc33e47bedde4ef9f933bea94cf03623a4d6758e2,2021-03-05 23:57:11.433682,https://bscscan.com/address/0xc33e47bedde4ef9f933bea94cf03623a4d6758e2#code,HAWK,1,3/5/2021,Hawk DAO (HAWK),
 0x35ffff1c0e0d203773dbe98ec656b0362520f198,2021-03-06 00:10:58.150131,https://bscscan.com/address/0x35ffff1c0e0d203773dbe98ec656b0362520f198#code,SimpleBEP20,1,3/5/2021,SecretFinance (SF),
 0x8ff77b03e603fb117b531d7a360cb5ed5ef25cb9,2021-03-06 00:23:06.327135,https://bscscan.com/address/0x8ff77b03e603fb117b531d7a360cb5ed5ef25cb9#code,ErnteSwapPair,0,3/5/2021,Ernte LPs (ELP),
 0xf8f6a66cf15ddfe54b04891765bc53fa80bd678d,2021-03-06 00:23:06.327135,https://bscscan.com/address/0xf8f6a66cf15ddfe54b04891765bc53fa80bd678d#code,DuckToken,1,3/5/2021,Duck Token (DUCK),
 0x028fe1170ecc257ddb7c5710cf4f7b0cbb6652c5,2021-03-06 00:24:53.974933,https://bscscan.com/address/0x028fe1170ecc257ddb7c5710cf4f7b0cbb6652c5#code,WORK,2,3/5/2021,Work DAO (WORK),
 0x662e4ee28ea12d2974b1bd678e295cccb846e9d3,2021-03-06 00:31:46.504606,https://bscscan.com/address/0x662e4ee28ea12d2974b1bd678e295cccb846e9d3#code,bscview,2,3/5/2021,bscview.com (BSCVIEW),
 0xcEE306fCc485e6716F807FAb09c869b4995BD7D4,2021-03-06 00:38:55.709938,https://bscscan.com/address/0xcEE306fCc485e6716F807FAb09c869b4995BD7D4#code,DEFI100Farm,2,3/5/2021,DEFI100Farm Token (xD100),
 0x318e47633f2e1665772c4efcd2df9127e7d6dbaa,2021-03-06 00:40:44.138706,https://bscscan.com/address/0x318e47633f2e1665772c4efcd2df9127e7d6dbaa#code,KappiNetwork,1,3/5/2021,KappiNetwork (KAPPI),
 0x6b06F4b2e3c3AbA9A4cB90e42B68fb3663609465,2021-03-06 00:40:44.138706,https://bscscan.com/address/0x6b06F4b2e3c3AbA9A4cB90e42B68fb3663609465#code,CakeToken,2,3/5/2021,MERIT Token (MERIT),
 0x75d5d153ac2d1d896056f25b53c7a2471fa7388b,2021-03-06 00:48:05.037827,https://bscscan.com/address/0x75d5d153ac2d1d896056f25b53c7a2471fa7388b#code,MercyToken,1,3/5/2021,Mercipith (MERCY),
 0x3fbc4d713e44796006e67b4d1e20a048eee632bb,2021-03-06 00:49:59.516015,https://bscscan.com/address/0x3fbc4d713e44796006e67b4d1e20a048eee632bb#code,ZRK,1,3/5/2021,Ozark Finance (ZRK),
 0xbe0455c310a731b3097c5d56bfaf0f07d82d60c6,2021-03-06 00:51:53.465107,https://bscscan.com/address/0xbe0455c310a731b3097c5d56bfaf0f07d82d60c6#code,HKSToken,174,3/5/2021,HKSwap Token (HKS),
 0xf845031cc790d4e4b251e9079d7fc75215ce9205,2021-03-06 01:01:10.449634,https://bscscan.com/address/0xf845031cc790d4e4b251e9079d7fc75215ce9205#code,CITRON,1,3/5/2021,CITRON (CTR),
 0x1f8b70495c3cf46916e45ee9ff1a08830e4448a1,2021-03-06 01:04:56.553568,https://bscscan.com/address/0x1f8b70495c3cf46916e45ee9ff1a08830e4448a1#code,BEP20Token,1,3/5/2021,WIN~SOCKS (WIN),
 0x32b0F395d8263DDb2F7d727fC5DF72E8B7a3B007,2021-03-06 01:12:23.760641,https://bscscan.com/address/0x32b0F395d8263DDb2F7d727fC5DF72E8B7a3B007#code,CRYPTOCAFE,1,3/5/2021,Crypto Cafe (CAFE),
 0x3Cc34d734D7e287BD1eD029675a1F71d9b1736eA,2021-03-06 01:14:20.249188,https://bscscan.com/address/0x3Cc34d734D7e287BD1eD029675a1F71d9b1736eA#code,Lawren,1,3/5/2021,Lawren.finance (Law),
 0xf976baa600ba5fce5344f0c5c5d08fa59bbdc602,2021-03-06 01:14:20.249188,https://bscscan.com/address/0xf976baa600ba5fce5344f0c5c5d08fa59bbdc602#code,QRX,1,3/5/2021,Quard Network (QRX),
 0xF8D429A08Cb9296B3561b1ac24A9CBbe39a25068,2021-03-06 01:14:20.249188,https://bscscan.com/address/0xF8D429A08Cb9296B3561b1ac24A9CBbe39a25068#code,PPIEDelegator,0,3/5/2021,DeFiPie PIE (pPIE),
 0xe175cefe5e8001ded0b0e538fb0ad97632a12be1,2021-03-06 01:18:10.912459,https://bscscan.com/address/0xe175cefe5e8001ded0b0e538fb0ad97632a12be1#code,BUNS,1,3/5/2021,BunSwap Finance Token (BUNS),
 0x39354cc99b1029f453fc6c07b126eb03f05f5673,2021-03-06 01:18:10.912459,https://bscscan.com/address/0x39354cc99b1029f453fc6c07b126eb03f05f5673#code,GOSWAP,1,3/5/2021,GO SWAP (GOSWAP),
 0x893169619461d3aba810a40b5403c62f27e703f9,2021-03-06 01:20:06.330343,https://bscscan.com/address/0x893169619461d3aba810a40b5403c62f27e703f9#code,BEP20Token,1,3/5/2021,FWT (FWT),
 0x0458970331f089bc1f398fea88ab223d09000585,2021-03-06 01:23:52.175608,https://bscscan.com/address/0x0458970331f089bc1f398fea88ab223d09000585#code,ECHOStandard,1,3/5/2021,echoDeFi (ECO),
 0x08c7104a6435afb218c62e9c8a90d458eac730ef,2021-03-06 01:27:45.926859,https://bscscan.com/address/0x08c7104a6435afb218c62e9c8a90d458eac730ef#code,FALC9,1,3/5/2021,falcon9.finance (FALC9),
 0x8a36b30dca4f5fb6a04f48fcdd5f1cc519cc679e,2021-03-06 01:32:57.801838,https://bscscan.com/address/0x8a36b30dca4f5fb6a04f48fcdd5f1cc519cc679e#code,ECHOStandard,1,3/5/2021,echoDeFi (ECHO),
 0xb227813a949c0ee7f3cbd538316e03656104ea4c,2021-03-06 01:34:53.291451,https://bscscan.com/address/0xb227813a949c0ee7f3cbd538316e03656104ea4c#code,BEP20Token,1,3/5/2021,SKYBIZ (SKY),
 0xaf7f8a4348c728c359d915ea68063390eca11d61,2021-03-06 01:36:49.196592,https://bscscan.com/address/0xaf7f8a4348c728c359d915ea68063390eca11d61#code,TESLA_TOKEN,1,3/5/2021,TESLAFARM.FINANCE (iTESLA),
 0xb7f3f230190b1020590e46d81702bdb60b569fac,2021-03-06 01:40:44.872131,https://bscscan.com/address/0xb7f3f230190b1020590e46d81702bdb60b569fac#code,ROV,1,3/5/2021,Rove Finance (ROV),
 0x43c2ce10579fab072e14535cc710360f310a6c87,2021-03-06 01:48:25.285564,https://bscscan.com/address/0x43c2ce10579fab072e14535cc710360f310a6c87#code,GOSWAPS,1,3/5/2021,GO SWAP (GOSWAPS),
 0x3c93ee010da95dda6d8557e3ee238f7c869c49e6,2021-03-06 01:50:15.584637,https://bscscan.com/address/0x3c93ee010da95dda6d8557e3ee238f7c869c49e6#code,Tigerwoods,2,3/5/2021,Tiger (WOODS),
 0x7D5a5B8351d0e41549C1100C7834E76D04571e16,2021-03-06 01:50:15.584637,https://bscscan.com/address/0x7D5a5B8351d0e41549C1100C7834E76D04571e16#code,PETHDelegator,1,3/5/2021,DeFiPie BNB (pBNB),
 0xf7502e714807e02808a5ccbdda7016dd26335363,2021-03-06 02:03:14.824065,https://bscscan.com/address/0xf7502e714807e02808a5ccbdda7016dd26335363#code,BEP20Token,1,3/5/2021,CROCODILE (CCO),
 0x8c380f7a0e2653412959994cec3d28c655701b0c,2021-03-06 02:10:47.876131,https://bscscan.com/address/0x8c380f7a0e2653412959994cec3d28c655701b0c#code,BEP20Token,1,3/5/2021,Clover.Finance (CLOVER),
 0x2f35387510ad32a5281908e5041b1361fc8dddbd,2021-03-06 02:12:36.703785,https://bscscan.com/address/0x2f35387510ad32a5281908e5041b1361fc8dddbd#code,GOSWAP,1,3/5/2021,GOSWAP (GSWAP),
 0xaff86ecd5390337124eb1c0dc9df5398d2e3a0e8,2021-03-06 02:14:28.056045,https://bscscan.com/address/0xaff86ecd5390337124eb1c0dc9df5398d2e3a0e8#code,SeedToken,1,3/5/2021,Seed Token (SEED),
 0xf524dc1000fefcc0ce436e53330ec003b7d42c54,2021-03-06 02:27:06.823237,https://bscscan.com/address/0xf524dc1000fefcc0ce436e53330ec003b7d42c54#code,BEP20Token,1,3/5/2021,aLterSocks (Alt),
 0x3dcb0a5977d59c816fef617080f4caa4de014dba,2021-03-06 02:36:17.235033,https://bscscan.com/address/0x3dcb0a5977d59c816fef617080f4caa4de014dba#code,POSTACK,1,3/5/2021,POSTACK (STACK),
 0x464e6ad267eab841f1d3e986d76d880d6c99b095,2021-03-06 02:39:56.540791,https://bscscan.com/address/0x464e6ad267eab841f1d3e986d76d880d6c99b095#code,Satinlace,1,3/5/2021,SATIN (LACE),
 0x8f6519d33e681944ad5b6f0d3c9e032f1c9755fc,2021-03-06 02:39:56.540791,https://bscscan.com/address/0x8f6519d33e681944ad5b6f0d3c9e032f1c9755fc#code,BEP20,1,3/5/2021,Bullish Times (BTN),
 0xe909df5afb8cec710c7e70e2ca1f111736b45d89,2021-03-06 02:41:41.603186,https://bscscan.com/address/0xe909df5afb8cec710c7e70e2ca1f111736b45d89#code,HAR,2,3/5/2021,Harvest Finance (HAR),
 0x701e9d30f23b7027cda37432c9277b1ac1adabf2,2021-03-06 02:50:39.872197,https://bscscan.com/address/0x701e9d30f23b7027cda37432c9277b1ac1adabf2#code,MOST,1,3/5/2021,Most Finance (MOST),
 0x1588711cf33ed1fc1b7d714e07eb28261df4e616,2021-03-06 02:50:39.872197,https://bscscan.com/address/0x1588711cf33ed1fc1b7d714e07eb28261df4e616#code,ARM_ARMOR_TOKEN,2,3/5/2021,ARMOR FINANCE Token (ARM),
 0x73CF6e23b0415f9DBb3E7B5E0257468D72A08779,2021-03-06 02:54:14.107366,https://bscscan.com/address/0x73CF6e23b0415f9DBb3E7B5E0257468D72A08779#code,SyrupBar,2,3/5/2021,SyrupBar Token (SYRUP),
 0x8e392a00141f0a88728f2b52abdbe365a08e4249,2021-03-06 02:56:01.334428,https://bscscan.com/address/0x8e392a00141f0a88728f2b52abdbe365a08e4249#code,MoonDefiProtocol,1,3/5/2021,Moon Protocol (MOON),
 0xa7ace3e600af7627e370645288d42ba485cbd169,2021-03-06 02:56:01.334428,https://bscscan.com/address/0xa7ace3e600af7627e370645288d42ba485cbd169#code,BEP20Token,2,3/5/2021,SEXY (SEXY),
 0xbe63e996fc08390095999abd732c2b7ca49ea846,2021-03-06 02:57:47.052058,https://bscscan.com/address/0xbe63e996fc08390095999abd732c2b7ca49ea846#code,BEP20Token,1,3/5/2021,SPARTAN (300),
 0xa387cdcd6b3814135f71d3fe358103531b72ea3a,2021-03-06 03:08:22.764606,https://bscscan.com/address/0xa387cdcd6b3814135f71d3fe358103531b72ea3a#code,LONG,1,3/5/2021,Long Finance (LONG),
 0xfb4614a33426f09adad027703c7c89559ce0eb05,2021-03-06 03:08:22.764606,https://bscscan.com/address/0xfb4614a33426f09adad027703c7c89559ce0eb05#code,SolsaMUToken,1,3/5/2021,SolsaMU Token (SOLSAMU),
 0x50a8dcd43fbf34c2dd912b9671e997e693fa2ea7,2021-03-06 03:10:10.033358,https://bscscan.com/address/0x50a8dcd43fbf34c2dd912b9671e997e693fa2ea7#code,BEP20Token,1,3/5/2021,Lucky.finance (LUCK),
 0xdd69e92dc71ef614d01df27907ac200865c6c9fb,2021-03-06 03:26:25.829057,https://bscscan.com/address/0xdd69e92dc71ef614d01df27907ac200865c6c9fb#code,FALOToken,2,3/5/2021,FaloToken (FALO),
 0x4dddab505daa28553cde6eec1e1c00cc9bbb11d7,2021-03-06 03:28:15.060644,https://bscscan.com/address/0x4dddab505daa28553cde6eec1e1c00cc9bbb11d7#code,BEP20Token,1,3/5/2021,TEST999 (OK),
 0x2469ad6f09548fdea876a6e0df71656db63f15f5,2021-03-06 03:31:49.597204,https://bscscan.com/address/0x2469ad6f09548fdea876a6e0df71656db63f15f5#code,HARD,1,3/5/2021,Hard Network (HARD),
 0x504B461A0b23187B7152eE84Ed745517a6f51A10,2021-03-06 03:40:02.162499,https://bscscan.com/address/0x504B461A0b23187B7152eE84Ed745517a6f51A10#code,PornToken,2,3/5/2021,Porn (PORN),
 0xf6233a018f9d6578814bb3c34ba283651fae3cf4,2021-03-06 03:43:32.510969,https://bscscan.com/address/0xf6233a018f9d6578814bb3c34ba283651fae3cf4#code,BEP20Token,1,3/5/2021,Fortune.finance (FORTUNE),
 0x5cab6bbf41e961797f7f9a92ae04f82bf3925a6e,2021-03-06 03:48:25.898734,https://bscscan.com/address/0x5cab6bbf41e961797f7f9a92ae04f82bf3925a6e#code,BEP20Token,1,3/5/2021,Kangoroo.Finance (KANGO),
 0xa47d132bfc00bc7b1b99238e08b91f1a08ccdbf3,2021-03-06 03:56:58.730532,https://bscscan.com/address/0xa47d132bfc00bc7b1b99238e08b91f1a08ccdbf3#code,wDeVault,9,3/5/2021,Wrapped DeVault (DVT),
 0x68d093c90833070abfb18b30e6a07730d11e6d22,2021-03-06 03:58:45.398372,https://bscscan.com/address/0x68d093c90833070abfb18b30e6a07730d11e6d22#code,ZIR,1,3/5/2021,Zirconium Finance (ZIR),
 0x99590ad3e9ad83925742392cf448bc9e5f54bd19,2021-03-06 04:04:02.131424,https://bscscan.com/address/0x99590ad3e9ad83925742392cf448bc9e5f54bd19#code,BEP20Token,1,3/5/2021,BULL COINS (BULL),
 0xF46E5942145ac0b5B944AdaD93Adc71B2E3A6eB9,2021-03-06 04:04:02.131424,https://bscscan.com/address/0xF46E5942145ac0b5B944AdaD93Adc71B2E3A6eB9#code,BRRR,2,3/5/2021,PRINTER GOES BRRR (BRRR),
 0x0b5428859bce74585e05d9789573d32766a189f0,2021-03-06 04:09:21.650641,https://bscscan.com/address/0x0b5428859bce74585e05d9789573d32766a189f0#code,Feet,1,3/5/2021,Feet.Finance (Feet),
 0xb18e8d07bb17e42b53759975bd76c7b0cbd5623b,2021-03-06 04:12:49.092939,https://bscscan.com/address/0xb18e8d07bb17e42b53759975bd76c7b0cbd5623b#code,BEP20Token,1,3/5/2021,Fidex Finance (FDX),
 0xe38d7ed9c4ff7cc0b8674ee3d9ee6926f4ce408c,2021-03-06 04:14:33.570009,https://bscscan.com/address/0xe38d7ed9c4ff7cc0b8674ee3d9ee6926f4ce408c#code,SHORTSTACKS,1,3/5/2021,SHORT (STACKS),
 0x10c0c7ea98a5c32248245dc11b3b58fdc6105f85,2021-03-06 04:14:33.570009,https://bscscan.com/address/0x10c0c7ea98a5c32248245dc11b3b58fdc6105f85#code,BEP20Token,1,3/5/2021,Only ONE (ONE),
 0x9b139eb335bcf6dfbf445f51b5b7e08f8c363f05,2021-03-06 04:18:01.016589,https://bscscan.com/address/0x9b139eb335bcf6dfbf445f51b5b7e08f8c363f05#code,CHUN,1,3/5/2021,CHUN (CHN),
 0x013ea46dfc500bdaa30d11982741ef78942906da,2021-03-06 04:23:12.447861,https://bscscan.com/address/0x013ea46dfc500bdaa30d11982741ef78942906da#code,BEP20Token,1,3/5/2021,Trump Bucks (TRUMP),
 0x535939d6af6e979612e149044a774b7030218c21,2021-03-06 04:23:12.447861,https://bscscan.com/address/0x535939d6af6e979612e149044a774b7030218c21#code,SPICYSOUP,3,3/5/2021,SPICY (SOUP),
 0xe83e350c5e03635b6fd0b0bc821f76d6ec0d3d02,2021-03-06 04:24:55.442507,https://bscscan.com/address/0xe83e350c5e03635b6fd0b0bc821f76d6ec0d3d02#code,BEP20Token,1,3/5/2021,PancakeSocks.Finance (cSocks),
 0x25f734636cb2264613e110f79b4712321e93e3ec,2021-03-06 04:33:17.415171,https://bscscan.com/address/0x25f734636cb2264613e110f79b4712321e93e3ec#code,RewardFinance,3,3/5/2021,Reward Finance (RWT),
 0xB193D98De3f12bE98B18E9b3BCf7C0C5e8B7CF79,2021-03-06 17:27:59.076661,https://bscscan.com/address/0xB193D98De3f12bE98B18E9b3BCf7C0C5e8B7CF79#code,DNA,2,3/6/2021,DNA (&#129...),
 0x88c5d7314e1068c0b01e671946f98d6394cdd6c7,2021-03-06 17:27:59.076661,https://bscscan.com/address/0x88c5d7314e1068c0b01e671946f98d6394cdd6c7#code,BEP20Token,7,3/6/2021,Feng Shui (FSHUI),
 0xbab1daec94c4ce611ed6e43ec2fabdf31817a687,2021-03-06 17:27:59.076661,https://bscscan.com/address/0xbab1daec94c4ce611ed6e43ec2fabdf31817a687#code,GenieFinance,7,3/6/2021,Genie (&#129...),
 0x2021ee068f60ad1ba861328981f99e3a45c4c9c4,2021-03-06 17:27:59.076661,https://bscscan.com/address/0x2021ee068f60ad1ba861328981f99e3a45c4c9c4#code,Mafic,2,3/6/2021,Mafic.Finance (MAFIC),
 0x658c625d590b81ef2ed0b61f21023a58b797ad7b,2021-03-06 17:27:59.076661,https://bscscan.com/address/0x658c625d590b81ef2ed0b61f21023a58b797ad7b#code,WOA,7,3/6/2021,Wrapped Origin Axie (WOA),
 0x4c192e003446ced872f797aba9c1ff0aadce8cc4,2021-03-06 17:27:59.076661,https://bscscan.com/address/0x4c192e003446ced872f797aba9c1ff0aadce8cc4#code,TeslaInc,1,3/6/2021,TESLA (TSLA),
 0x8822adeb9e7fc6c64618304459fae4da86336faa,2021-03-06 17:27:59.076661,https://bscscan.com/address/0x8822adeb9e7fc6c64618304459fae4da86336faa#code,Comp,1,3/6/2021,Omni COMP Governance Token (OMNIC),
 0xc462ee0276e1c5453f9b93e3ef84214eb0e3b266,2021-03-06 17:27:59.076661,https://bscscan.com/address/0xc462ee0276e1c5453f9b93e3ef84214eb0e3b266#code,BEP20Token,2,3/6/2021,pancakesocks.finance (cSocks),
 0xa84907debf383545110df641a2cde9182f6ce92c,2021-03-06 17:27:59.076661,https://bscscan.com/address/0xa84907debf383545110df641a2cde9182f6ce92c#code,BEP20Token,4,3/6/2021,Smol NFT (NFTE),
 0x519da636c273a833a535139e6904e3f96b62296e,2021-03-06 17:27:59.076661,https://bscscan.com/address/0x519da636c273a833a535139e6904e3f96b62296e#code,CYTR,4,3/6/2021,CyclopsTreasure (CYTR),
 0xe59aa4cc0ba7646cd54f4d78c939c11b0bbea0a1,2021-03-06 17:27:59.076661,https://bscscan.com/address/0xe59aa4cc0ba7646cd54f4d78c939c11b0bbea0a1#code,BEP20Token,1,3/6/2021,Queen Finance (QnF),
 0x524960E7969854ca7236bD8Ad3e22F44d892b7Bc,2021-03-06 17:27:59.076661,https://bscscan.com/address/0x524960E7969854ca7236bD8Ad3e22F44d892b7Bc#code,Alchemist,11,3/6/2021,Alchemist (),
 0x5B38187953B4BF98F741D96DE9F48765154BbFA8,2021-03-06 17:27:59.076661,https://bscscan.com/address/0x5B38187953B4BF98F741D96DE9F48765154BbFA8#code,TRYfinance,4,3/6/2021,TRYfinance (TRY),
 0x5365722cbb7b83e0745d2f3a57037c7a8ebf7f46,2021-03-06 17:27:59.076661,https://bscscan.com/address/0x5365722cbb7b83e0745d2f3a57037c7a8ebf7f46#code,BEP20Token,5,3/6/2021,safusocks.exchange (SSocks),
 0xdAedeb1EDde6b279A09340D4C8AcB360F0F610D7,2021-03-06 17:27:59.076661,https://bscscan.com/address/0xdAedeb1EDde6b279A09340D4C8AcB360F0F610D7#code,DRAKE,4,3/6/2021,DRAKE (DRAKE),
 0xA23DDf9C358a156B3d7399b96cfE3996bc2311D9,2021-03-06 17:27:59.076661,https://bscscan.com/address/0xA23DDf9C358a156B3d7399b96cfE3996bc2311D9#code,yLAVA,3,3/6/2021,YieldLava Finance (yLAVA),
 0xbEFd2bd973654614389cdcCA1565523923369d89,2021-03-06 17:27:59.076661,https://bscscan.com/address/0xbEFd2bd973654614389cdcCA1565523923369d89#code,PeepSwap,7,3/6/2021,PeepSwap (PEEP),
 0xabf8f96d0df78b9a6c24e71e21e774e1b37bb7d4,2021-03-06 17:27:59.076661,https://bscscan.com/address/0xabf8f96d0df78b9a6c24e71e21e774e1b37bb7d4#code,BEP20Token,7,3/6/2021,NFTies (NFTI),
 0x3166f4Ce2b1EE195EA9d682937ff8777091E9f44,2021-03-06 17:27:59.076661,https://bscscan.com/address/0x3166f4Ce2b1EE195EA9d682937ff8777091E9f44#code,AlpacaToken,1,3/6/2021,AlpacaToken (ALPACA),
 0x69b63d6427f7882B9567580C0e5c819626623533,2021-03-06 17:27:59.076661,https://bscscan.com/address/0x69b63d6427f7882B9567580C0e5c819626623533#code,InverseDAO,3,3/6/2021,Inverse DAO (INV),
 0xd0daf9244bbbf2a55bdd6d3407b66a936c8bb80e,2021-03-06 17:27:59.076661,https://bscscan.com/address/0xd0daf9244bbbf2a55bdd6d3407b66a936c8bb80e#code,BEP20Token,4,3/6/2021,safusocks.exchange (SSocks),
 0x7ac53c455f7013c0ee922c31e7b953d5b1dbb768,2021-03-06 17:27:59.076661,https://bscscan.com/address/0x7ac53c455f7013c0ee922c31e7b953d5b1dbb768#code,BEP20Token,2,3/6/2021,LizardFarm.Finance (LIZARD),
 0xd13b5283e81a2f9cb4b3a5dced981a917ae4a4c3,2021-03-06 17:27:59.076661,https://bscscan.com/address/0xd13b5283e81a2f9cb4b3a5dced981a917ae4a4c3#code,BEP20Token,4,3/6/2021,UniGOD (UND),
 0xd054d702bfc20e5148022a5a44b688c264caea18,2021-03-06 17:27:59.076661,https://bscscan.com/address/0xd054d702bfc20e5148022a5a44b688c264caea18#code,BEP20Token,7,3/6/2021,Wrapped SOCKS (WSOCKS),
 0x5f018d136d14ea14b0ee4ee023c25a1584614f13,2021-03-06 17:27:59.076661,https://bscscan.com/address/0x5f018d136d14ea14b0ee4ee023c25a1584614f13#code,BEP20Token,7,3/6/2021,Stacker Ventures (STACK),
 0x7e0143280F0DD2C6777f0BcB579404Ec70f69456,2021-03-06 17:27:59.076661,https://bscscan.com/address/0x7e0143280F0DD2C6777f0BcB579404Ec70f69456#code,JINDOTOKEN,6,3/6/2021,JINDO TOKEN (JINDO),
 0xb009A196CfA55A6bbB9fa561A2341911AaBa99F1,2021-03-06 17:27:59.076661,https://bscscan.com/address/0xb009A196CfA55A6bbB9fa561A2341911AaBa99F1#code,Decentraliz3dOracl3,4,3/6/2021,Decentraliz3d Oracl3 (D3DO3),
 0x41327623be721cf3200189b419ab5fd92a9120df,2021-03-06 17:27:59.076661,https://bscscan.com/address/0x41327623be721cf3200189b419ab5fd92a9120df#code,BEP20Token,6,3/6/2021,Siren (SI),
 0x314a358652B6ed3dF6493e2B57aD26E6eB9D5b81,2021-03-06 17:27:59.076661,https://bscscan.com/address/0x314a358652B6ed3dF6493e2B57aD26E6eB9D5b81#code,ROCKETSWAP,4,3/6/2021,ROCKETSWAP (ROCKET),
 0x7acff19cf50ae05409a17c367b5893bb7a04b487,2021-03-06 17:27:59.076661,https://bscscan.com/address/0x7acff19cf50ae05409a17c367b5893bb7a04b487#code,BEP20Token,7,3/6/2021,Bread Finance (BFI),
 0x400df62c3052fdbaad8c74c0226147f9bfaaf7ec,2021-03-06 17:27:59.076661,https://bscscan.com/address/0x400df62c3052fdbaad8c74c0226147f9bfaaf7ec#code,eternalcash,62,3/6/2021,Eternal Cash (EC),
 0xd6edfa2384ff463b4c2293d86e407ffd88b2fe3a,2021-03-06 17:27:59.076661,https://bscscan.com/address/0xd6edfa2384ff463b4c2293d86e407ffd88b2fe3a#code,BMB,5,3/6/2021,Bomb Finance (BMB),
 0x983784bb6cab5f58dd9e2abc1b1a3a03aa7fac32,2021-03-06 17:27:59.076661,https://bscscan.com/address/0x983784bb6cab5f58dd9e2abc1b1a3a03aa7fac32#code,eternalcash,1,3/6/2021,Eternal Cash (EC),
 0x58d5efb60b08cc2144d21b112ec1a6ac6ab81bae,2021-03-06 17:27:59.076661,https://bscscan.com/address/0x58d5efb60b08cc2144d21b112ec1a6ac6ab81bae#code,BRO,4,3/6/2021,Bronze Network (BRO),
 0x4ed3e9ba72e66ad01aa070051ac43741ba2f7d15,2021-03-06 17:27:59.076661,https://bscscan.com/address/0x4ed3e9ba72e66ad01aa070051ac43741ba2f7d15#code,BOOM,4,3/6/2021,Boom Finance (BOOM),
 0x0069c61b1d14ba99675342e3340bba49fcb38c57,2021-03-06 17:27:59.076661,https://bscscan.com/address/0x0069c61b1d14ba99675342e3340bba49fcb38c57#code,unisocks,3,3/6/2021,Uni-Socks (UNIsocks),
 0x4627908b7fbdbf18555438c69ca6ac318e52d536,2021-03-06 17:27:59.076661,https://bscscan.com/address/0x4627908b7fbdbf18555438c69ca6ac318e52d536#code,SUPERFARMSWAP,4,3/6/2021,SWAP (SUPER),
 0x360ce079c590c8a9ea5a39172777d07dd12b7ac6,2021-03-06 17:27:59.076661,https://bscscan.com/address/0x360ce079c590c8a9ea5a39172777d07dd12b7ac6#code,BEP20Token,5,3/6/2021,Elysium (ELY),
 0xabe9aa9647666449c98f6a1e7b8dc81d2af30c28,2021-03-06 17:27:59.076661,https://bscscan.com/address/0xabe9aa9647666449c98f6a1e7b8dc81d2af30c28#code,BEP20Token,6,3/6/2021,Gong DAO (GDAO),
 0xfd5214015016631236d0d47a6a7340fb9d6c9b66,2021-03-06 17:27:59.076661,https://bscscan.com/address/0xfd5214015016631236d0d47a6a7340fb9d6c9b66#code,GCX,5,3/6/2021,GeckoSwap (GCX),
 0x6045fa4f3430f24895412ffeee15bd678737ecee,2021-03-06 17:27:59.076661,https://bscscan.com/address/0x6045fa4f3430f24895412ffeee15bd678737ecee#code,BEP20Token,5,3/6/2021,Spark (FLR),
 0x56fa765d004feadf8e46a0900b3c757afa157249,2021-03-06 17:30:16.225163,https://bscscan.com/address/0x56fa765d004feadf8e46a0900b3c757afa157249#code,FoodieToken,8,3/6/2021,Foodie Defi (FOODIE),
 0xbd976b1F342086D7f0491108ED8f89a2ae824f40,2021-03-06 17:30:16.225163,https://bscscan.com/address/0xbd976b1F342086D7f0491108ED8f89a2ae824f40#code,WizzardProtocol,4,3/6/2021,Wizzard Protocol (WIZZARD),
 0xa65a7f4a42b8081819a1aab375bb703b0694ee4a,2021-03-06 17:30:16.225163,https://bscscan.com/address/0xa65a7f4a42b8081819a1aab375bb703b0694ee4a#code,PUSSYCAT,12,3/6/2021,PUSSY (CAT),
 0x40618918c4dd5a099e54a8c00d2803c95c40759c,2021-03-06 17:30:16.225163,https://bscscan.com/address/0x40618918c4dd5a099e54a8c00d2803c95c40759c#code,OILRIG,7,3/6/2021,OILRIG (OIL),
 0xaec5bbb5be2c3dea68fc0d943e39885a87d959ea,2021-03-06 17:30:16.225163,https://bscscan.com/address/0xaec5bbb5be2c3dea68fc0d943e39885a87d959ea#code,ROOST,7,3/6/2021,RoosterSwap Finance Token (ROOST),
 0x35c45902ed2b746b5113c1d35b4ae8cd093f2d7b,2021-03-06 17:30:16.225163,https://bscscan.com/address/0x35c45902ed2b746b5113c1d35b4ae8cd093f2d7b#code,BEP20Token,4,3/6/2021,EGOD (DOGE),
 0x21e6D42f4176d6ca1A97FC606F80D500416F2650,2021-03-06 17:30:16.225163,https://bscscan.com/address/0x21e6D42f4176d6ca1A97FC606F80D500416F2650#code,Socks,135,3/6/2021,SafuSocks (SAFU),
 0xEd9f6DC15Ee6a6FDD18cAEA8F09e8E296e4258f2,2021-03-06 17:30:16.225163,https://bscscan.com/address/0xEd9f6DC15Ee6a6FDD18cAEA8F09e8E296e4258f2#code,CEREAL,13,3/6/2021,CerealSwap Finance Token (CEREAL),
 0xd60D91EAE3E0F46098789fb593C06003253E5D0a,2021-03-06 17:30:16.225163,https://bscscan.com/address/0xd60D91EAE3E0F46098789fb593C06003253E5D0a#code,Inx,3,3/6/2021,Allinx (INX),
 0x9c70e2949bfdfa29d0dc89add6609c9a7a0c81b3,2021-03-06 17:30:16.225163,https://bscscan.com/address/0x9c70e2949bfdfa29d0dc89add6609c9a7a0c81b3#code,BEP20Token,7,3/6/2021,ECO Points (ECO),
 0x2dd91da413f2859f73350223b6247ac235668e17,2021-03-06 17:30:16.225163,https://bscscan.com/address/0x2dd91da413f2859f73350223b6247ac235668e17#code,BMatch,1,3/6/2021,BMatch (MATCH),
 0x92ad5595e8f0e26e1f723000e283bb11ff76c454,2021-03-06 17:30:16.225163,https://bscscan.com/address/0x92ad5595e8f0e26e1f723000e283bb11ff76c454#code,BEP20Token,5,3/6/2021,NFTI Index (NFTI),
 0xfefe64807df187ea3c333bf49d8e3e295ae12365,2021-03-06 17:30:16.225163,https://bscscan.com/address/0xfefe64807df187ea3c333bf49d8e3e295ae12365#code,FAST,5,3/6/2021,Fast Network (FAST),
 0x56d9db49c7111c3334a63b38fe107752b5e8bfd4,2021-03-06 17:38:50.120547,https://bscscan.com/address/0x56d9db49c7111c3334a63b38fe107752b5e8bfd4#code,BEP20Token,1,3/6/2021,Butter Coin (BUTTER),
 0x8010802E46dEB02E0D5E5f5c07E70eF3363dc0D6,2021-03-06 17:38:50.120547,https://bscscan.com/address/0x8010802E46dEB02E0D5E5f5c07E70eF3363dc0D6#code,BEP20Token,1,3/6/2021,Superman (SUPER),
 0x630fc850d1f2fc2bb65461af256a5ecf561f99c5,2021-03-06 17:40:28.773692,https://bscscan.com/address/0x630fc850d1f2fc2bb65461af256a5ecf561f99c5#code,BEP20Token,1,3/6/2021,Decentralized SOCKS (deSOCKS),
 0x021d9553883250d8493e37b374f172f4216027ca,2021-03-06 17:45:31.897239,https://bscscan.com/address/0x021d9553883250d8493e37b374f172f4216027ca#code,CENTRAL,1,3/6/2021,CENTRAL FINANCE (CTRL),
 0xc605b9f3ab5f7bf891db7672ef9f4078a7f9a24f,2021-03-06 17:48:56.439531,https://bscscan.com/address/0xc605b9f3ab5f7bf891db7672ef9f4078a7f9a24f#code,TruffleFarm,1,3/6/2021,Truffle Farm (TruffleFa...),
 0x49b0fe6b3ec4c95b77d0ba59dee6f18ad2fd9e0b,2021-03-06 18:07:53.475102,https://bscscan.com/address/0x49b0fe6b3ec4c95b77d0ba59dee6f18ad2fd9e0b#code,BEP20Token,2,3/6/2021,RoastSwap (ROAST),
 0xfa10Be3F690Ee0e269388fbd8F830Cd1Ed7a0634,2021-03-06 18:07:53.475102,https://bscscan.com/address/0xfa10Be3F690Ee0e269388fbd8F830Cd1Ed7a0634#code,MemeSocks,5,3/6/2021,Meme Socks (&#129...),
 0xc757025cfcc34a279bd56ae70f00b4aa601648ed,2021-03-06 18:21:27.878079,https://bscscan.com/address/0xc757025cfcc34a279bd56ae70f00b4aa601648ed#code,BEP20Token,1,3/6/2021,PandaSwap (PANDA),
